municipio,n_registros,n_valores,mediana_valor,p25_valor,p75_valor
SALVADOR,85334,55996,8000.0,1578.75,599907.37
FEIRA DE SANTANA,26121,19760,1156.62,600.0,4800.0
VITÓRIA DA CONQUISTA,20982,14328,1176.74,500.0,4000.0
CAMAÇARI,20741,14598,4045.5,1000.0,93155.0
BARREIRAS,20642,15445,2000.0,800.0,4000.0
LUÍS EDUARDO MAGALHÃES,18446,14902,2000.0,500.0,5440.5
JUAZEIRO,13819,10332,1000.0,200.0,5500.0
TEIXEIRA DE FREITAS,13768,9974,1000.0,600.0,2000.0
LAURO DE FREITAS,12966,8541,2540.07,1000.0,9416.79
ILHÉUS,11234,7534,2000.0,500.0,53562.61
JEQUIÉ,9369,6760,1200.0,610.0,7100.0
GUANAMBI,8616,5415,1200.0,400.0,2500.0
PORTO SEGURO,8584,6552,1000.0,500.0,4000.0
PAULO AFONSO,7971,3683,1200.0,500.0,4000.0
ITABUNA,7174,3618,2000.0,600.0,5000.0
SÃO DESIDÉRIO,6802,5679,1500.0,1.77,6500.0
EUNÁPOLIS,6706,4667,900.0,176.22,2683.5
BOM JESUS DA LAPA,6706,5560,1500.0,580.0,4000.0
IRECÊ,6362,5244,2000.0,1000.0,6000.0
ALAGOINHAS,6269,4359,1500.0,600.0,6900.0
BRUMADO,5971,3969,1000.0,500.0,2000.0
MATA DE SÃO JOÃO,5782,4000,6552.9,2000.0,100000.0
SIMÕES FILHO,5758,3709,5800.0,1000.0,71850.65
CAETITÉ,5679,3468,1000.0,500.0,6000.0
SANTO ANTÔNIO DE JESUS,4839,3305,1490.0,500.0,5000.0
CORRENTINA,4682,3666,1675.0,500.0,8000.0
FORMOSA DO RIO PRETO,4543,3886,1000.0,1.77,5000.0
JACOBINA,4165,2760,3425.0,1000.0,14200.0
RIBEIRA DO POMBAL,4021,2659,2000.0,1000.0,4000.0
LIVRAMENTO DE NOSSA SENHORA,3752,2664,500.0,260.0,1938.75
MORRO DO CHAPÉU,3714,2881,3000.0,1000.0,2605408.38
VALENÇA,3582,2389,2000.0,1000.0,6000.0
CANDEIAS,3494,2204,11090.0,1850.0,839030.29
SENTO SÉ,3236,2679,439.0,72.0,6000.0
XIQUE-XIQUE,3159,2339,5000.0,1116.0,305000.0
PRADO,3087,2431,714.98,200.0,2500.0
SERRINHA,3066,2310,2000.0,1000.0,4000.0
ITAPETINGA,3039,1987,700.0,100.0,2000.0
ITABERABA,2984,2274,1000.0,400.0,3049.0
RIACHÃO DAS NEVES,2936,2379,250.0,1.77,2500.0
EUCLIDES DA CUNHA,2888,2022,1500.0,805.03,6500.0
JABORANDI,2707,2275,1000.0,100.0,7000.0
CRUZ DAS ALMAS,2564,1906,1500.0,800.0,5000.0
TUCANO,2493,1630,1000.0,400.0,3000.0
CAMPO FORMOSO,2472,1583,3800.0,300.0,2005863.04
BARRA DO CHOÇA,2468,2185,1.77,1.0,1500.0
CASA NOVA,2462,1576,1487.15,1.3,5000.0
ITAMARAJU,2444,1727,850.0,266.81,2082.5
JAGUAQUARA,2393,1937,800.0,330.0,2022.0
VERA CRUZ,2301,1821,1500.0,500.0,8000.0
SANTO ESTEVÃO,2295,1956,1500.0,1000.0,5912.88
PARIPIRANGA,2267,1824,254.84,69.5,2000.0
SANTA CRUZ CABRÁLIA,2246,1745,1500.0,400.0,6000.0
CATU,2221,1376,5125.0,1000.0,809805.63
IBOTIRAMA,2199,1116,1000.0,500.0,5000.0
JEREMOABO,2180,1078,1000.0,500.0,3000.0
SENHOR DO BONFIM,2144,1466,3000.0,1000.0,8000.0
SEABRA,2080,1506,1200.0,500.0,3000.0
ALCOBAÇA,2034,1694,3000.0,500.0,995033.91
DIAS D ÁVILA,2008,1270,1700.0,621.5,20000.0
IPIAÚ,1977,1473,1500.0,1000.0,5000.0
ITABELA,1915,1466,1000.0,119.99,2000.0
BARRA DA ESTIVA,1911,1374,1500.0,500.0,3200.0
AMÉRICA DOURADA,1901,1437,1000.0,357.5,3389.0
MUCURI,1900,1293,900.0,100.0,3000.0
CONCEIÇÃO DO JACUÍPE,1899,1301,1500.0,100.0,6000.0
IPIRÁ,1896,1525,1100.0,500.0,2000.0
JOÃO DOURADO,1841,1708,1000.0,309.5,3388.23
OUROLÂNDIA,1765,1158,1500.0,1000.0,7500.0
POÇÕES,1764,1361,500.0,1.34,1300.0
SERRA DO RAMALHO,1731,1324,1000.0,130.0,3000.0
SANTA MARIA DA VITÓRIA,1720,1199,1200.0,55.5,4000.0
LAPÃO,1705,1215,964.8,224.0,3782.13
CAPIM GROSSO,1674,1156,2000.0,900.0,8000.0
ITUAÇU,1672,1308,700.0,116.19,1500.0
INHAMBUPE,1667,1334,1381.5,351.4,3968.69
SÃO GONÇALO DOS CAMPOS,1648,1271,1200.0,300.0,3800.0
MARAÚ,1636,1258,1100.0,890.0,5000.0
SÃO FRANCISCO DO CONDE,1630,1028,31670.5,1000.0,2847968.0
POJUCA,1586,1135,6000.0,1000.0,173619.47
SOBRADINHO,1564,1172,1500.0,1.77,12000.0
CARINHANHA,1561,1328,1000.0,180.0,2912.5
IBICOARA,1515,1036,1500.0,1.88,5625.0
NOVA VIÇOSA,1498,1035,1000.0,100.0,2600.0
RIACHÃO DO JACUÍPE,1475,1158,1000.0,427.5,3000.0
ENTRE RIOS,1464,1117,1650.0,600.0,7000.0
CÍCERO DANTAS,1464,871,1500.0,800.0,20900.0
RIACHO DE SANTANA,1454,893,1200.0,250.0,10000.0
IRAQUARA,1452,1273,1500.0,311.4,4500.0
PARAMIRIM,1439,1120,1000.0,675.0,2000.0
MACAÚBAS,1433,1001,1000.0,700.0,2500.0
CACULÉ,1427,795,1000.0,500.0,3000.0
JAGUARARI,1388,715,2424.0,1000.0,7000.0
ESPLANADA,1376,1139,1000.0,500.0,2500.0
IRARÁ,1370,1154,500.0,200.0,3000.0
RIO REAL,1367,1182,1190.0,400.0,3000.0
ARACI,1366,979,2000.0,1039.0,41400.0
AMARGOSA,1363,927,3200.0,1000.0,493764.35
CONCEIÇÃO DO COITÉ,1358,1045,1000.0,1.0,2000.0
MARACÁS,1351,941,2500.0,500.0,21756.54
SÃO FÉLIX DO CORIBE,1350,1158,1000.0,190.0,3000.0
BARRA,1338,1071,1000.0,100.0,7500.0
GANDU,1332,929,2000.0,800.0,4800.0
BAIANÓPOLIS,1299,912,1000.0,70.0,3000.0
CARAVELAS,1297,858,1000.0,108.6,5340.75
PINDAÍ,1259,694,800.0,300.0,5000.0
PIATÃ,1253,928,4000.0,1500.0,6000.0
CURAÇÁ,1249,833,10.0,1.0,2204.0
OLIVEIRA DOS BREJINHOS,1234,755,1700.0,840.0,5000.0
UAUÁ,1227,918,1500.0,500.0,3400.0
ITACARÉ,1208,923,2100.0,237.75,21090.0
ITAPICURU,1173,943,1000.0,102.44,6096.4
MUCUGÊ,1165,828,2500.0,357.5,6060.0
MEDEIROS NETO,1160,796,2000.0,500.0,8000.0
COCOS,1159,819,1300.0,1.78,45000.0
ADUSTINA,1140,978,808.5,160.0,2500.0
ANGICAL,1133,836,710.0,200.0,2262.5
BELMONTE,1128,843,736.6,1.77,1587.37
ITAGIBÁ,1128,705,2800.0,1000.0,10000.0
SANTA RITA DE CÁSSIA,1124,795,1200.0,200.0,3000.0
SÃO SEBASTIÃO DO PASSE,1119,714,2056.34,1000.0,81000.0
SANTO AMARO,1106,790,1434.0,300.0,11590.43
SANTANA,1092,717,2000.0,800.0,10800.0
ARRAIAL D AJUDA - DISTRITO,1074,857,1212.0,800.0,2000.0
DOM BASÍLIO,1072,859,1000.0,1000.0,1000.0
UMBURANAS,1063,642,6000.0,1200.0,477843.35
GENTIO DO OURO,1062,816,904396.04,5000.0,22439745.73
IBICUÍ,1054,892,1000.0,850.0,3000.0
MONTE SANTO,1054,783,2000.0,1000.0,19252.5
TANHAÇU,1045,792,1000.0,80.75,3000.0
CANDIBA,1040,867,380.0,120.0,1500.0
IGAPORÃ,1039,683,1000.0,500.0,4400.0
CAIRU,1031,498,2000.0,159.99,6150.0
PRESIDENTE TANCREDO NEVES,1025,922,1000.0,221.25,2800.0
TRANCOSO - DISTRITO,1022,823,1000.0,1000.0,2500.0
URANDI,1020,656,2000.0,500.0,10000.0
TEIXEIRA FREITAS,1019,829,1500.0,1000.0,3500.0
COTEGIPE,1017,851,2000.0,300.0,3500.0
CORAÇÃO DE MARIA,1005,770,1000.0,200.0,4417.5
PALMAS DE MONTE ALTO,997,694,1287.5,408.86,3500.0
PARATINGA,973,703,1000.0,500.0,5000.0
CANAVIEIRAS,953,672,1241.0,100.0,5000.0
MIGUEL CALMON,944,775,1500.0,700.0,22422.5
VITÓRIA CONQUISTA,933,561,3750.0,1000.0,7500.0
ITABATAN - DISTRITO,932,718,600.0,250.0,1000.0
CAMAMU,927,622,1300.0,500.0,2075.0
UNA,924,666,1500.0,600.0,5574.75
SANTALUZ,922,632,2500.0,1311.5,629922.67
CANSANÇÃO,920,806,1350.0,962.5,2500.0
ANAGÉ,917,767,500.0,75.0,2000.0
CRISTÓPOLIS,912,823,2000.0,400.0,3750.0
CIPÓ,911,761,1000.0,1.0,2000.0
MUTUÍPE,909,797,1000.0,500.0,2000.0
PLANALTO,908,629,1200.0,1.77,3000.0
CANARANA,903,745,1000.0,158.0,4000.0
GLÓRIA,893,412,1200.0,500.0,21847.16
TANQUE NOVO,891,519,1000.0,400.0,5625.0
CAFARNAUM,880,599,2500.0,617.53,6661.5
LICÍNIO DE ALMEIDA,878,734,1000.0,300.0,3600.0
CONDEÚBA,871,757,1400.0,650.0,3453.0
UBAÍRA,867,558,2675.0,1500.0,79185.29
IBITIARA,862,696,1000.0,1.0,3000.0
MADRE DE DEUS,861,696,7850.0,6000.0,5420000.0
REMANSO,844,645,2200.0,1000.0,6000.0
LAJE,840,564,1000.0,100.0,2000.0
IGUAÍ,820,563,1000.0,300.0,101030.0
SÁTIRO DIAS,819,715,1200.0,320.0,5211.68
IBIPEBA,812,732,2800.0,1000.0,26000.0
WANDERLEY,809,500,1000.0,335.0,3000.0
RUY BARBOSA,809,650,1212.0,500.0,7000.0
ITAMBÉ,805,663,1000.0,1.77,3000.0
IBIRAPUÃ,795,594,1500.0,400.0,8000.0
JACARACI,785,647,1200.0,1000.0,3500.0
ENCRUZILHADA,778,522,88.78,1.76,2000.0
SÍTIO DO MATO,777,663,1200.0,270.0,10000.0
CANUDOS,772,472,4000.0,615.38,4148843.99
PRAIA DO FORTE (MATA DE SÃO JOÃO),770,494,2576.0,1000.0,7500.0
CACHOEIRA,767,575,2000.0,650.0,22335.41
AMÉLIA RODRIGUES,765,527,4000.0,600.0,8000.0
PINTADAS,762,697,1000.0,800.0,1500.0
BELO CAMPO,759,559,1000.0,1.77,1945.0
ITORORÓ,750,539,2000.0,1000.0,6000.0
TEOFILÂNDIA,738,614,2700.0,1000.0,21847.16
POSTO DA MATA,735,446,1000.0,600.0,2000.0
CASTRO ALVES,734,460,2000.0,700.0,9825.0
COARACI,731,632,1000.0,1000.0,1525.0
ITARANTIM,727,392,500.0,100.0,2300.0
QUEIMADAS,727,532,2257.0,1000.0,5500.0
ITAPARICA,727,380,2650.0,1000.0,14775.0
FÁTIMA,725,605,1200.0,270.0,2900.0
SANTA BRÍGIDA,724,448,5000.0,800.0,120000.0
RIO DE CONTAS,722,554,1000.0,97.0,3000.0
NOVA SOURE,717,583,3100.0,825.0,7300.0
TABOCAS DO BREJO VELHO,714,534,1000.0,1.0,1800.0
UIBAÍ,713,521,12000.0,1000.0,1000000.0
ITANHÉM,707,380,1000.0,600.0,3000.0
ITAGUAÇU DA BAHIA,704,532,1888.6,770.44,3000.0
GUARATINGA,703,562,277.15,1.77,1832.5
IBIRAPITANGA,697,617,4000.0,1379.95,6500.0
PILÃO ARCADO,695,526,1000.0,1000.0,8000.0
NÚCLEO RESIDENCIAL PILAR,693,572,2000.0,1200.0,7000.0
ARACATU,691,510,1000.0,55.0,3000.0
IBITITÁ,689,601,1500.0,500.0,5000.0
RAFAEL JAMBEIRO,683,552,2000.0,1000.0,3000.0
ITATIM,673,449,1500.0,1000.0,5125.0
IUIU,672,563,190.0,77.0,1500.0
NAZARÉ,665,455,1000.0,400.0,4500.0
BOQUIRA,664,491,1000.0,1000.0,4000.0
ITAJUÍPE,663,459,3000.0,450.0,100800.0
VÁRZEA NOVA,662,501,2800.0,320.0,3360000.0
CORIBE,661,374,1500.0,912.62,5000.0
MALHADA,659,561,2000.0,330.0,7000.0
CAMPO ALEGRE DE LOURDES,654,582,4000.0,3000.0,64332.99
MURITIBA,650,501,1500.0,500.0,10000.0
IAÇU,650,467,1840.0,400.0,8000.0
NOVA FÁTIMA,649,564,1250.0,700.0,2000.0
CAPELA DO ALTO ALEGRE,647,586,3000.0,973.75,3000.0
SEBASTIÃO LARANJEIRAS,646,533,1600.0,500.0,8000.0
VALENTE,643,554,2000.0,1000.0,12000.0
MUQUÉM DE SÃO FRANCISCO,639,500,1695.0,450.0,13625.0
BROTAS DE MACAÚBAS,634,412,4000.0,1000.0,18000.0
OLINDINA,625,403,4000.0,1356.53,255720.91
BONITO,619,555,2000.0,1000.0,5000.0
SÃO GABRIEL,617,377,1000.0,500.0,4000.0
ABARÉ,615,418,125.0,1.77,1800.0
BONINAL,615,510,1200.0,10.0,8375.0
URUÇUCA,609,453,1300.0,500.0,4300.0
CORONEL JOÃO SÁ,606,396,5000.0,1000.0,12850.0
MULUNGU DO MORRO,606,439,2000.0,1200.0,381525.39
ANDORINHA,606,473,2000.0,1000.0,5800.0
CARAÍBAS,605,526,236.0,35.0,1200.0
CAMACAN,602,371,1500.0,500.0,4717.95
GOVERNADOR MANGABEIRA,595,473,1300.0,350.0,6000.0
SERRA DOURADA,593,496,1415.0,500.0,5175.0
ITUBERÁ,589,393,3500.0,1180.0,9240.0
MIRANTE,587,460,4500.0,100.0,201197.3
LENÇÓIS,584,412,1500.0,1000.0,4890.0
BARRA DO MENDES,581,481,3000.0,1000.0,8000.0
SÍTIO DO QUINTO,575,451,600.0,500.0,4000.0
JIQUIRIÇÁ,569,434,2100.0,1200.0,58024.88
JAGUARIPE,568,429,2000.0,200.0,116000.0
BAIXA GRANDE,567,531,2000.0,1125.0,6000.0
PÉ DE SERRA,565,507,1500.0,800.0,66000.0
SANTA BÁRBARA,565,444,1000.0,500.0,5800.0
SERRA PRETA,564,463,1000.0,600.0,3000.0
VEREDA,562,269,3000.0,350.0,632796.07
ABRANTES - DISTRITO,557,427,2000.0,1000.0,8000.0
RODELAS,556,385,3800.0,160.0,200000.0
CONCEIÇÃO DA FEIRA,555,392,1100.0,253.75,5896.61
BANZAÊ,554,436,36000.0,1200.0,475091.69
MARAGOGIPE,553,433,1500.0,500.0,5000.0
MACARANI,549,377,1000.0,1.77,4800.0
LAGOA REAL,547,418,1000.0,300.0,960000.0
PINDOBAÇU,541,401,3000.0,700.0,6000.0
CONCEIÇÃO DO ALMEIDA,538,370,1200.0,435.0,3870.0
CONDE,537,435,2500.0,725.12,34962.84
UTINGA,529,439,1500.0,600.0,3000.0
PALMEIRAS,528,413,2000.0,750.0,5400.0
MIRANGABA,523,309,1000.0,84.75,7820.0
SÃO JOSÉ DO JACUÍPE,506,429,6500.0,1000.0,8000.0
PRESIDENTE JÂNIO QUADROS,501,308,2800.0,1000.0,21847.16
RIO DO ANTÔNIO,499,391,1000.0,500.0,5000.0
ACAJUTIBA,498,384,1000.0,100.0,122228.05
SALINAS DA MARGARIDA,496,240,4500.0,1105.0,12000.0
ANTAS,492,373,1000.0,900.0,8000.0
IBICARAÍ,492,329,1000.0,450.0,3000.0
ITIÚBA,491,400,2300.0,1000.0,6000.0
IBIPITANGA,490,388,800.0,800.0,3000.0
TEOLÂNDIA,488,365,1500.0,256.0,5350.0
FILADÉLFIA,484,422,1212.0,1000.0,1700.0
PONTO NOVO,482,368,1000.0,500.0,216000.0
RIBEIRA DO AMPARO,478,369,1300.0,140.0,8000.0
ANTÔNIO CARDOSO,478,370,1000.0,120.0,4088.18
CORDEIROS,478,451,2500.0,1000.0,6917.4
IBIRATAIA,476,372,2000.0,500.0,213080.27
MALHADA DE PEDRAS,475,364,1500.0,500.0,3000.0
SÃO FELIPE,474,354,2500.0,588.78,6350.0
ANGUERA,474,413,8000.0,640.0,299516.0
CRISÓPOLIS,474,397,1000.0,88.78,2500.0
CÂNDIDO SALES,470,307,1000.0,1.77,5000.0
SANTA LUZIA,467,377,5625.6,2000.0,30000.0
NOVO HORIZONTE,467,344,1000.0,1.0,3500.0
BIRITINGA,463,375,2000.0,1000.0,5000.0
WENCESLAU GUIMARÃES,458,332,1664.17,300.0,5000.0
WAGNER,457,350,4000.0,1500.0,10000.0
IRAMAIA,457,321,2500.0,500.0,8000.0
RIO DO PIRES,456,360,2250.0,1000.0,633746.62
SÃO MIGUEL DAS MATAS,451,410,1073.89,400.0,8000.0
BARROCAS,450,353,2200.0,1000.0,106132.64
ARAÇÁS,450,262,2400.0,500.0,5854.76
IBIASSUCÊ,445,210,550.0,300.0,1200.0
BOTUPORÃ,441,334,750.0,500.0,3000.0
ANDARAÍ,441,389,1689.6,1000.0,5100.0
HELIÓPOLIS,430,322,1000.0,400.0,3000.0
MATINA,430,339,6000.0,1500.0,8000.0
ÉRICO CARDOSO,428,337,1000.0,500.0,8000.0
NOVA CANAÃ,427,248,1000.0,389.25,5160.0
ITIRUÇU,424,350,1225.0,1000.0,26000.0
ARAMARI,423,377,10000.0,500.0,640517.01
TAPIRAMUTÁ,423,379,11700.0,1600.0,579484.23
ITAGIMIRIM,421,307,1000.0,1.77,8000.0
SOUTO SOARES,421,328,3000.0,1000.0,12398657.22
JUCURUÇU,416,356,1500.0,500.0,27016.78
CATOLÂNDIA,413,282,800.0,96.25,2500.0
MUNDO NOVO,412,351,1700.0,665.0,4000.0
TAPEROÁ,411,304,1307.6,500.0,3026.25
SAPEAÇU,410,279,1200.0,490.0,3454.89
CABACEIRAS DO PARAGUAÇU,407,357,4140.0,1030.0,60000.0
MILAGRES,399,256,3100.0,1082.5,700000.0
BOA VISTA DO TUPIM,399,287,3000.0,867.5,18314.64
CAETANOS,399,331,1.77,1.0,1500.0
SANTA INÊS,395,235,121800.0,900.0,798492.2
IGRAPIÚNA,394,263,4020.0,700.0,200347.19
QUIJINGUE,394,299,2000.0,1000.0,8000.0
ITAPÉ,393,301,3000.0,1000.0,4200.0
FRA SANTANA,393,317,1500.0,650.0,8000.0
BOA NOVA,391,333,2300.0,1.77,4000.0
UBAITABA,391,264,3650.0,1000.0,569924.31
MAIRI,391,334,1950.0,600.0,10003.75
VÁRZEA DA ROÇA,390,330,2000.0,900.0,3500.0
UBATÃ,388,284,2000.0,1000.0,40000.0
BARRA DO JACUÍPE,388,314,1500.0,1000.0,4946.25
CENTRAL,388,278,1500.0,1000.0,6252.5
ITAETÉ,386,338,1500.0,600.0,4856.25
HUMILDES - DISTRITO,385,253,1443.09,400.0,5423.25
BUERAREMA,378,245,500.0,100.0,1500.0
PRESIDENTE DUTRA,378,312,2100.0,1000.0,47984.0
SERROLÂNDIA,375,263,1040.0,700.0,693040.62
VARZEDO,374,244,405.0,1.77,3500.0
MAETINGA,367,240,2312.0,705.0,62780.0
PIRAÍ DO NORTE,364,297,2000.0,430.0,2000.0
PIRIPÁ,364,263,900.0,500.0,2000.0
IPUPIARA,352,299,2000.0,560.0,8000.0
PEDRO ALEXANDRE,350,276,1000.0,401.36,529606.1
PIRITIBA,349,273,1600.0,142.0,5000.0
MORTUGABA,348,238,1250.0,500.0,5000.0
BREJÕES,347,188,1000.0,300.0,4800.0
BREJOLÂNDIA,346,290,2400.0,700.0,4000.0
ITAJU DO COLÔNIA,346,270,19371.15,1500.0,118816.49
RETIROLÂNDIA,346,297,2000.0,1000.0,100000.0
MACURURÉ,342,264,21847.16,2000.0,1125127.65
NORDESTINA,335,287,4000.0,1500.0,8217.5
MASCOTE,334,213,1400.0,1.77,10000.0
ÁGUA FRIA,334,246,4000.0,1204.0,14500.0
JUSSIAPE,332,265,600.0,55.0,3500.0
MACAJUBA,329,275,1800.0,1.77,7000.0
ITAPEBI,328,197,2000.0,1.77,6000.0
JUSSARA,328,251,1200.0,400.0,8000.0
MAIQUINIQUE,327,212,1000.0,1.77,2500.0
BARRO ALTO,326,264,1000.0,383.14,1500.0
IPECAETÁ,316,278,3950.0,962.5,7000.0
ITAQUARA,316,272,30000.0,575.0,30000.0
CALDAS DO JORRO,313,181,1000.0,600.0,1500.0
APORÁ,309,259,1200.0,94.44,4000.0
IRAJUBA,308,266,54000.0,5500.0,233495.1
MANSIDÃO,301,156,1225.0,209.12,19137.5
LAJEDO DO TABOCAL,300,265,720.0,1.77,4300.0
RIBEIRÃO DO LARGO,299,215,1.77,1.55,2325.0
JANDAÍRA,299,262,3000.0,1.71,933798.66
GAVIÃO,295,238,1600.0,1500.0,310157.99
MORPARÁ,292,212,2000.0,1200.0,7125.0
MANOEL VITORINO,291,242,950.0,73.75,5500.0
CAÉM,285,224,2000.0,240.0,8000.0
DÁRIO MEIRA,281,200,1500.0,300.0,4655.0
JITAÚNA,280,209,2200.0,800.0,8000.0
GUARAJUBA,280,211,6500.0,1000.0,40000.0
NOVA IBIÁ,278,250,900.0,402.12,1950.0
SANTA TEREZINHA,278,198,3000.0,1000.0,56873.0
FIRMINO ALVES,275,202,2000.0,1000.0,5000.0
APUAREMA,273,210,3160.5,1000.0,427363.77
ELÍSIO MEDRADO,273,162,2350.0,1000.0,7800.0
CONTENDAS DO SINCORÁ,270,207,1000.0,100.0,2000.0
BARRA DO ROCHA,270,225,5000.0,800.0,6000.0
RODA VELHA - DISTRITO,269,161,2000.0,1000.0,238200.0
BURITIRAMA,268,204,1300.0,796.5,7500.0
ANTÔNIO GONÇALVES,266,183,1000.0,1.0,6000.0
QUIXABEIRA,265,220,31387.12,890.0,97500.0
MUNIZ FERREIRA,264,206,1000.0,1.77,100000.0
MARCIONÍLIO SOUZA,259,229,1400.0,650.0,3500.0
ITACIMIRIM,258,159,1500.0,1000.0,6000.0
SANTANÓPOLIS,257,233,3000.0,600.0,3000.0
SÃO DOMINGOS,257,201,8000.0,1000.0,475130.06
GUAJERU,255,191,1000.0,454.24,228659.41
POTIRAGUÁ,254,205,200.0,1.0,2500.0
DOM MACEDO COSTA,250,180,95500.0,600.0,688924.78
SANTA CRUZ DA VITÓRIA,249,119,800.0,300.0,6000.0
ITAPITANGA,249,208,3625.0,1000.0,389205.0
LAJEDÃO,245,138,950.0,8.57,3750.0
SAUBARA,243,209,4000.0,1500.0,543953.83
FLORESTA AZUL,243,163,2500.0,1000.0,389856.97
TREMEDAL,236,175,1000.0,500.0,2000.0
CATURAMA,234,161,1000.0,300.0,2300.0
AURELINO LEAL,233,164,3500.0,680.0,3500.0
AIQUARA,232,126,1185.0,300.0,28422.5
FEIRA DA MATA,231,145,2000.0,1000.0,8025.0
OURIÇANGAS,229,206,1275.01,142.0,5740.0
CHORROCHÓ,225,129,1500.0,500.0,5000.0
ARATUÍPE,221,148,300.0,1.77,3500.0
NOVO TRIUNFO,218,193,8000.0,1200.0,124645.65
CALDEIRÃO GRANDE,216,124,1870.0,900.0,118807.23
TEODORO SAMPAIO,215,154,1472.5,110.0,3842.75
PAU BRASIL,213,148,2500.0,1000.0,4000.0
ITANAGRA,212,145,1500.0,500.0,8000.0
NILO PEÇANHA,211,137,1500.0,210.0,60000.0
TANQUINHO,209,189,2000.0,580.0,9019.12
ROSÁRIO (CORRENTINA),206,184,10000.0,3500.0,27138.0
BOM JESUS DA SERRA,205,101,219466.94,1500.0,17975562.88
SAÚDE,205,133,1300.0,100.0,8500.0
MORRO DE SÃO PAULO - DISTRITO,201,146,3100.0,325.49,10340.0
PEDRÃO,200,190,2050.0,274.0,969257.92
SÃO FÉLIX,200,150,730.0,92.5,2037.5
VÁRZEA DO POÇO,200,169,2528.0,600.0,49500.0
ALMADINA,198,177,1200.0,1000.0,3200.0
ARATACA,188,99,2091.0,675.0,336210.81
CARDEAL DA SILVA,186,144,3098.93,500.0,79407.5
CAATIBA,183,152,50.89,1.55,3000.0
ITAGI,182,102,1200.0,585.0,5000.0
LAJEDINHO,182,166,3200.0,650.0,82430.37
ABAÍRA,182,151,2200.0,341.5,5000.0
JUSSARI,178,164,90000.0,1687.5,90000.0
MONTE GORDO - DISTRITO,176,113,2000.0,1000.0,26000.0
TERRA NOVA,174,110,2000.0,280.0,5000.0
CANÁPOLIS,172,115,2000.0,1.0,36000.0
NOVA REDENÇÃO,171,160,2350.0,400.0,365342.31
ICHU,171,133,2000.0,1000.0,7272.0
PLANALTINO,170,108,1045.0,1.78,5625.0
BARRO PRETO,159,95,2500.0,738.7,60000.0
ITAMARI,159,121,2500.0,500.0,4000.0
IMBASSAÍ (MATA DE SÃO JOÃO),158,113,6000.0,1100.0,12400.0
LAFAIETE COUTINHO,156,134,6000.0,1000.0,10250.0
AREMBEPE,151,119,2000.0,982.5,5400.0
NOVA ITARANA,148,122,40900.0,2125.0,1604471.82
JOSÉ GONÇALVES - DISTRITO,146,97,1500.0,100.0,3453.0
CANDEAL,141,124,782.5,163.0,1575.0
GONGOGI,132,89,1500.0,600.0,7000.0
MARIA QUITÉRIA - DISTRITO,132,104,1000.0,352.5,2531.75
RIACHO DA GUIA - DISTRITO,130,113,140.0,68.0,710.0
POSTO DA MATA (NOVA VIÇOSA),128,9,1000.0,900.0,1500.0
CARNAÍBA DO SERTÃO - DISTRITO,126,118,1000.0,1000.0,2000.0
PORTO SAUÍPE,124,96,2300.0,1100.0,3637.5
JAUÁ,121,94,1000.0,1000.0,2318.0
ITAMOTINGA (JUAZEIRO),121,66,584274.18,3863.4,14069157.38
CAROBA - DISTRITO,120,83,550.0,390.0,947.5
JAÍBA - DISTRITO,118,80,1100.0,475.0,4900.0
SÃO JOSÉ DA VITÓRIA,105,64,1300.0,390.0,2500.0
BOA UNIÃO - DISTRITO,104,98,423.0,140.5,2274.5
ITAMOTINGA - DISTRITO,103,72,2000.0,1000.0,32485.0
TIQUARUÇU - DISTRITO,103,70,1500.0,1000.0,6000.0
CERAIMA - DISTRITO,103,65,300.0,300.0,500.0
ABRANTES (CAMAÇARI),98,75,1000.0,790.0,25000.0
LAMARÃO,97,57,650.0,1.0,1500.0
TRANCOSO (PORTO SEGURO),94,94,1250.0,1000.0,44932.85
CRAVOLÂNDIA,89,56,1850.0,200.0,8000.0
CATU DE ABRANTES,84,71,600.0,99.99,3525.0
DIAS D,83,61,770.0,1.0,25990.0
PARAFUSO,82,67,1200.0,1000.0,6000.0
IBIQUERA,78,73,2800.0,1000.0,6900.0
SÃO JOSÉ DOS PINHAIS,78,78,108948819.23,108948819.23,108948819.23
CUMURUXATIBA - DISTRITO,78,63,1000.0,300.0,1165.0
STO ANTÔNIO JESUS,71,23,10.0,10.0,2500.0
LUÍS EDUARDO MAGALHÃES/BA,70,70,4000.0,1000.0,4500.0
GOVERNADOR JOÃO DURVAL CARNEIRO - DISTRITO,64,52,5000.0,1800.0,6000.0
HUMILDES (FEIRA DE SANTANA),63,36,1070.0,900.0,3000.0
VITORIA DA CONQUISTA,63,57,1000.0,1000.0,1000.0
MATARIPE (SÃO FRANCISCO DO CONDE),61,39,748528.0,220006.28,1600584.3
IGUÁ - DISTRITO,61,28,4150.0,100.0,6537622.58
SUBAÚMA - DISTRITO,59,39,14000.0,8000.0,14000.0
SANTANA DO SOBRADO - DISTRITO,57,26,5000.0,1.0,7000.0
INHOBIM - DISTRITO,56,41,2000.0,1.77,6000.0
CAETÉ-AÇU - DISTRITO,55,16,1750.0,1300.0,5000.0
LUIS EDUARDO MAGALHAES,55,55,2150.0,300.0,3500.0
SÃO SEBASTIÃO - DISTRITO,51,32,2476.5,1000.0,7000.0
CATINGA DO MOURA - DISTRITO,46,39,500.0,171.3,1000.0
ASSIS BRASIL,46,46,1000.0,1000.0,10000.0
NÚCLEO RESIDENCIAL PILAR (JAGUARARI),44,43,10000.0,10000.0,10000.0
AREMBEPE (CAMAÇARI),44,41,3838513.38,5000.0,3838513.38
MANIÇOBA (JUAZEIRO),43,17,1000.0,1.0,1000.0
JUNCO - DISTRITO,43,35,1000.0,1000.0,15200.0
CARAIVA - DISTRITO,39,35,1500.0,800.0,2000.0
IBÓ - DISTRITO,38,20,9400.0,1000.0,15000.0
BOA UNIÃO,37,37,285.0,145.0,760.0
HUMILDES,37,16,2781.32,803.75,14254.0
ARITAGUÁ - DISTRITO,37,24,5000.0,1875.0,3100000.0
JEQUIRIÇÁ,34,18,1782.0,400.0,2416.42
EUNAPOLIS,34,31,1.77,1.77,1.77
ITAMIRA - DISTRITO,34,33,1000.0,88.78,196602.42
MATARIPE - DISTRITO,33,21,411701.08,14890.0,411701.08
RODA VELHA,33,29,1000.0,1000.0,4500.0
SANTO ANTÔNIO DE BARCELONA - DISTRITO,33,23,1000.0,1000.0,3000.0
BOA UNIÃO (ALAGOINHAS),32,29,710.0,346.0,2500.0
BARRA DO POJUCA,32,25,2000.0,1200.0,10000.0
SÃO JOSÉ DO RIO GRANDE - DISTRITO,32,25,3500.0,800.0,32242.42
NARANDIBA - DISTRITO,31,23,142.0,90.0,465.0
MATINHA,31,26,129.5,62.75,210.0
ITABATAN (MUCURI),31,20,5600.0,4475.0,7406170.3
SANTO ANTÔNIO,30,20,800.0,139.72,1269.75
RODA VELHA (SÃO DESIDÉRIO),30,30,3000.0,3000.0,5000.0
RIO DO MEIO - DISTRITO,30,19,500.0,10.0,304243.14
QUARAÇU - DISTRITO,29,29,500.0,500.0,500.0
BONFIM DA FEIRA - DISTRITO,29,21,1000.0,470.0,1000.0
PINHÕES - DISTRITO,29,18,900.0,95.89,4000.0
LAGOA GRANDE - DISTRITO,29,26,1000.0,1000.0,1000.0
IBITIRA - DISTRITO,29,13,1000.0,1.0,1000.0
PRADOSO - DISTRITO,29,16,1150.0,500.0,2363.25
ITANAGÉ - DISTRITO,28,28,1000.0,500.0,1500.0
LUCAIA - DISTRITO,28,22,158900.99,158900.99,174831.98
SÍTIO GRANDE - DISTRITO,28,21,200.0,1.77,1200.0
DIAS DÁVILA,27,20,115339.52,250.0,19093984.91
MARCOLINO MOURA - DISTRITO,27,23,600.0,550.0,800.0
PORTO SAUÍPE (ENTRE RIOS),27,18,1000.0,1000.0,3000.0
INHANGAPI,27,27,2800.0,2800.0,2800.0
SÃO SEBASTIÃO DO PASSÉ,26,25,2590.0,1100.0,8000.0
TRANCOSO,26,18,4000.0,925.0,4000.0
HELVECIA - DISTRITO,25,12,1500.0,1500.0,1625.0
SANTO ESTEVAO,25,25,1000.0,1000.0,1200.0
ARRAIAL D,25,11,2000.0,1250.0,2000.0
JUREMAL (JUAZEIRO),25,0,,,
CABRÁLIA - DISTRITO,24,21,2500.0,1.0,2500.0
BARAÚNAS - DISTRITO,24,24,33438673.29,4387886.58,62489459.99
IRUNDIARA - DISTRITO,24,24,5000.0,1000.0,5000.0
VALENCA,24,24,4800.0,4800.0,4800.0
CUMURUXATIBA (PRADO),23,21,500.0,500.0,47000.0
BANDEIRA DO COLÔNIA - DISTRITO,23,19,500.0,1.0,625.0
LAGOA PRETA - DISTRITO,23,23,500.0,500.0,1000.0
SÃO JOÃO DA VITÓRIA,22,22,832.0,500.0,1500.0
VELHA BOIPEBA - DISTRITO,22,18,2300.0,1800.0,4650.0
MONTE GORDO (CAMAÇARI),22,20,2650.0,990.0,3000.0
GAMBOA - DISTRITO,21,16,1000.0,600.0,1000.0
CATINGAL - DISTRITO,21,7,1.66,1.66,1400.0
JAGUARA - DISTRITO,21,19,7800.0,1500.0,13565264.6
LUIS E MAGALHAES,21,21,100.0,100.0,100.0
ARRAIAL D\,21,21,1000.0,1.0,1000.0
ARRAIAL D AJUDA (PORTO SEGURO),21,4,,,
ENGENHEIRO PONTES - DISTRITO,21,21,1500.0,1500.0,2000.0
ARAPIRANGA - DISTRITO,20,20,10.0,10.0,10.0
MARIA QUITÉRIA (FEIRA DE SANTANA),20,10,3000.0,1000.0,3000.0
PIRAJÁ,20,0,,,
PALAME - DISTRITO,19,17,14430.0,4000.0,16840.0
MASSAROCA (JUAZEIRO),19,16,10000.0,5865.0,20000.0
MENINO JESUS - DISTRITO,19,2,,,
PREVENIDO - DISTRITO,19,12,2800.0,2800.0,2800.0
LAGOA JOSÉ LUÍS,19,14,1500.0,100.0,2595.0
MATEIROS,19,19,1000.0,1000.0,1000.0
CABÔTO - DISTRITO,17,16,5000.0,5000.0,191137.83
PORTO NOVO - DISTRITO,17,15,2000.0,500.0,3000.0
BARREIROS - DISTRITO,17,17,1000.0,800.0,1000.0
ARGOLO - DISTRITO,16,8,1000.0,875.0,1000.0
SALOBRO - DISTRITO,16,15,2000.0,2000.0,2000.0
SINOP,16,16,3604197.67,3604197.67,3604197.67
BANDEIRA DO COLÔNIA (ITAPETINGA),16,16,2500.0,2500.0,2500.0
ITUPEVA - DISTRITO,15,9,3000.0,600.0,8000.0
ITABATAN,15,0,,,
COLÔNIA DO FORMOSO (CORIBE),15,11,1500.0,1200.0,1500.0
MONTE GORDO,15,10,28000.0,3750.0,13456583.37
ITAQUARAÍ - DISTRITO,14,12,50.89,1.77,1000.0
CINCO RIOS - DISTRITO,14,6,1000.0,556.65,1075.0
EPITACIOLÂNDIA,14,14,26000.0,26000.0,26000.0
IBIRITÉ,14,14,23188390.61,23188390.61,23188390.61
SÃO SEBASTIÃO,13,7,1.77,1.77,765.0
SUSSUARANA (TANHAÇU),13,11,1.0,1.0,1.0
VALE VERDE - DISTRITO,13,7,2000.0,1750.0,3000.0
CAMASSANDI - DISTRITO,13,8,2287.84,1649.7,25477.45
ITAPIREMA,13,5,1000.0,1000.0,1000.0
NOVA ALEGRIA - DISTRITO,13,11,1000.0,1000.0,1000.0
CAETITE,13,6,38000.0,38000.0,38000.0
CASTELO NOVO - DISTRITO,13,2,,,
BURANHÉM,12,12,0.01,0.01,0.01
TABOQUINHAS - DISTRITO,12,8,6000.0,1000.0,325804.3
CABECEIRA DO JIBÓIA - DISTRITO,12,8,650.0,500.0,800.0
COUTOS - DISTRITO,12,12,1000.0,1000.0,1000.0
ALGODÕES - DISTRITO,12,11,1000.0,1000.0,2675.0
NATAL,12,12,1.0,1.0,1.0
CARRAPICHEL (SENHOR DO BONFIM),12,8,1639083.51,1639083.51,1639083.51
JAÍBA (FEIRA DE SANTANA),11,8,2500.0,875.0,3000.0
ITAÍTU - DISTRITO,11,9,1600.0,1200.0,4000.0
ABRANTES,11,7,5928.0,300.0,18581.93
ARACAJU,11,11,34516210.35,34516210.35,34516210.35
ARRAIAL D'AJUDA,11,11,1000.0,1000.0,1000.0
MAR GRANDE - DISTRITO,11,11,298009.77,198216.36,1218248.02
CAIÇARA,11,5,2200.0,1500.0,2200.0
IBICARAI,10,0,,,
ARITAGUÁ,10,8,420.0,121.5,477.5
IBÓ,10,10,70.0,56.25,122.5
BANDIAÇU - DISTRITO,10,2,,,
VEREDINHA - DISTRITO,10,10,100.0,100.0,200.0
ITAJAÍ - DISTRITO,10,10,610848.21,1.77,610848.21
BANCO CENTRAL - DISTRITO,10,5,2000.0,2000.0,5588.7
ITAMOTINGA,10,7,1.0,1.0,1.0
SERRA GRANDE - DISTRITO,10,8,177.5,127.5,320.0
LAJEDO ALTO - DISTRITO,10,4,,,
IRECE,10,10,3000.0,3000.0,3000.0
TAUAPÉ - DISTRITO,10,7,2500.0,1500.0,2500.0
SANTO ESTÊVÃO,10,10,4000.0,4000.0,4000.0
VILA DO CAFÉ - DISTRITO,9,6,500.0,200.0,2375.0
PONTA DA AREIA - DISTRITO,9,9,600.0,600.0,1000.0
PASSAGEM DOS TEIXEIRAS - DISTRITO,9,9,280.0,280.0,500.0
SANTO ANTONIO DE JESUS,9,7,1.0,1.0,1000.0
CARNAÍBA DO SERTÃO,9,0,,,
CACHOEIRA DO MATO - DISTRITO,9,4,,,
IPIAU,9,9,10000.0,10000.0,97371.29
BOTUCATU,9,9,600.0,600.0,600.0
CATOLÉS - DISTRITO,9,9,1000.0,500.0,8000.0
MANIAÇU - DISTRITO,9,1,,,
SALINÓPOLIS,9,9,500.0,500.0,500.0
CAMPO FORMOSO - DISTRITO,8,1,,,
LAMARÃO DO PASSE - DISTRITO,8,5,3300.0,3300.0,3600.0
LAMARÃO DO PASSE,8,0,,,
INEMA - DISTRITO,8,8,95599.88,11500.0,177699.75
IBIAJARA - DISTRITO,8,4,,,
ACUPE - DISTRITO,8,7,1000.0,1000.0,4643.5
PEDRAS ALTAS DO MIRIM - DISTRITO,8,8,1250.0,1000.0,1500.0
TEOLANDIA,8,8,258660.61,258660.61,258660.61
AÇU DA TORRE - DISTRITO,8,1,,,
RIALMA,8,8,10000.0,10000.0,10000.0
BRASÍLIA,8,8,100.0,100.0,100.0
CAMPO LIMPO PAULISTA,8,8,3000.0,3000.0,3000.0
MACAÍBA,8,0,,,
PAIOL - DISTRITO,8,8,1309376.34,1309376.34,1309376.34
ITAIA (FIRMINO ALVES),8,8,1400.0,1400.0,1400.0
COQUEIROS,8,8,8000.0,8000.0,8000.0
MATA DE SAO JOAO,8,2,,,
SÃO ROQUE DO PARAGUAÇU - DISTRITO,7,2,,,
CANDIDO SALES,7,7,1.77,1.77,1.77
SANTO INÁCIO - DISTRITO,7,7,670.0,290.0,770.0
INHOBIM (VITÓRIA DA CONQUISTA),7,6,1.77,1.77,1.77
RIO DO BRAÇO - DISTRITO,7,5,300.0,300.0,330.0
JUREMAL - DISTRITO,7,4,,,
JUPAGUÁ - DISTRITO,7,2,,,
GABIARRA - DISTRITO,7,7,2700.0,2050.0,7500.0
RIACHO DA GUIA,7,7,50.0,47.5,123.5
VIÇOSA,7,7,1000.0,1000.0,1000.0
IBIPETUM - DISTRITO,7,7,560.0,500.0,560.0
JUERANA - DISTRITO,7,1,,,
CAVUNGE - DISTRITO,7,6,500.0,392.0,500.0
SAO DESIDERIO,7,7,5000.0,3500.0,5000.0
887,7,7,1.0,1.0,1.0
SALGADÁLIA - DISTRITO,6,3,,,
TAUAPÉ,6,6,1100.0,1100.0,1175.0
CRISOPOLIS,6,6,1500.0,1500.0,1500.0
EUNÁPOLISBA,6,6,1.77,1.77,1.77
CARAÍBAS - DISTRITO,6,4,,,
ARRAIAL D\'AJUDA (PORTO SEGURO),6,5,1.0,1.0,1.0
LAJE DO BANCO - DISTRITO,6,6,610.0,241.25,911.25
NOVA VICOSA,6,6,600.0,600.0,787.5
PARAFUSO (CAMAÇARI),6,6,7500.0,4033.2,7500.0
AREIAS,6,6,2000.0,1700.0,2000.0
TIQUARUÇU (FEIRA DE SANTANA),6,6,6300.0,3075.0,6300.0
BURACICA (TEODORO SAMPAIO),6,6,142.0,142.0,142.0
RIACHO DA GUIA (ALAGOINHAS),6,6,575.0,500.0,4662.5
ITABERABA-BA,6,6,1300.0,1300.0,1300.0
RECIFE - DISTRITO,6,6,1200.0,1200.0,6300.0
MASSAROCA - DISTRITO,6,6,22192.36,467.94,604223.24
SERRANA (BREJÕES),6,4,,,
RIACHÃO DO JACUIPE,6,6,1200.0,1200.0,1200.0
BRUMAD0,6,6,1000.0,1000.0,1000.0
CAMPINAS,6,6,450000.0,450000.0,450000.0
FOZ DO IGUAÇU,6,6,300000.0,300000.0,300000.0
ITACARE,6,6,1.0,1.0,1.0
PATAÍBA - DISTRITO,6,5,8000.0,1000.0,8000.0
ICONHA,6,0,,,
GABIARRA (EUNÁPOLIS),5,3,,,
TAQUARINHA - DISTRITO,5,5,1500.0,1500.0,2000.0
BARRA AVENIDA - DISTRITO,5,3,,,
IGARITÉ - DISTRITO,5,4,,,
ILHA DE MARÉ,5,5,1000.0,800.0,8300.0
IBITIRA,5,0,,,
MARICOABO - DISTRITO,5,3,,,
MORRO DE SÃO PAULO,5,5,650.0,525.0,650.0
TAGUÁ - DISTRITO,5,5,1.0,1.0,1.0
ILHEUS,5,5,900.0,900.0,1000.0
SIMOES FILHO,5,5,5000.0,5000.0,5000.0
JUNCO (JUAZEIRO),5,1,,,
XIQUEXIQUE,5,5,10000.0,10000.0,10000.0
TIJUAÇÚ - DISTRITO,5,5,8500.0,8500.0,9000.0
IBIRAJÁ - DISTRITO,5,2,,,
NOVO ACRE,5,5,21847.16,21847.16,21847.16
SÃO JOSÉ DO RIO PRETO,5,0,,,
JOÃO AMARO - DISTRITO,5,0,,,
ABELHAS,5,0,,,
COLATINA,5,5,1.0,1.0,1.0
IUIÚ,5,5,2500.0,2500.0,2500.0
CADEIAS,5,5,62000.0,62000.0,62000.0
LAGOA JOSÉ LUÍS (VITÓRIA DA CONQUISTA),4,4,,,
SALDANHA - DISTRITO,4,0,,,
LUIS EDUARDO MAGALHÃES,4,3,,,
IRUNDIARA,4,0,,,
CRUZEIRO DO SUL,4,4,,,
IBITIRA (RIO DO ANTÔNIO),4,0,,,
BARRA GRANDE,4,2,,,
BAIANOPOLIS,4,0,,,
WENCESLAU GUIMARAES,4,4,,,
FLORESTAL,4,3,,,
MORRO DE SÃO PAULO (CAIRU),4,3,,,
TAPIRANGA - DISTRITO,4,4,,,
ILHA DOS FRADES,4,4,,,
AÇU DA TORRE (MATA DE SÃO JOÃO),4,4,,,
CAMACARI,4,1,,,
BREJINHO DAS AMETISTAS - DISTRITO,4,1,,,
MACEIÓ,4,4,,,
SAO SEBASTIAO DO PASSE,4,4,,,
SANTANA DO SOBRADO,4,4,,,
POSTO DA MATA - NOVA VIÇOSA,4,4,,,
PASSÉ,4,0,,,
DIAS D`ÁVILA,4,4,,,
BRASILÉIA,4,4,,,
CAETÉ-AÇU (PALMEIRAS),4,4,,,
GUIRAPA - DISTRITO,4,4,,,
HIDROLÂNDIA - DISTRITO,4,4,,,
BARRA DO JACUÍPE (CAMAÇARI),4,4,,,
CANATIBA - DISTRITO,4,4,,,
QUIXABÁ,4,4,,,
ALEGRE - DISTRITO,4,4,,,
BARRA GRANDE - DISTRITO,4,4,,,
BARRO VERMELHO,3,0,,,
GAMELEIRA DA LAPA - DISTRITO,3,3,,,
UMBUZEIRO - DISTRITO,3,3,,,
LUZIÂNIA,3,3,,,
FATIMA,3,3,,,
POÇOS CALDAS,3,3,,,
ITAIBÓ - DISTRITO,3,3,,,
UAUA,3,0,,,
BELÉM DA CACHOEIRA - DISTRITO,3,3,,,
INHAÚMAS - DISTRITO,3,3,,,
CORACAO DE MARIA,3,3,,,
MARIQUITA,3,3,,,
NILÓPOLIS,3,0,,,
VELHA BOIPEBA,3,3,,,
JACUÍPE,3,3,,,
TAPIRAÍPE - DISTRITO,3,3,,,
ITATI - DISTRITO,3,0,,,
ARRAIAL DAJUDA (PORTO SEGURO),3,3,,,
LAGOA DO BOI - DISTRITO,3,0,,,
POÇO DE FORA - DISTRITO,3,0,,,
MADEIRA - DISTRITO,3,3,,,
BARCELOS DO SUL - DISTRITO,3,0,,,
MANDIROBA - DISTRITO,3,2,,,
MINAS DO MIMOSO - DISTRITO,3,3,,,
SALGADÁLIA (CONCEIÇÃO DO COITÉ),3,3,,,
PASSÉ - DISTRITO,3,3,,,
FERRAZ VASCONCELOS,3,3,,,
MORRO DO CHAPEU,3,3,,,
JOSÉ GONÇALVES (VITÓRIA DA CONQUISTA),3,3,,,
ATIBAIA,3,0,,,
PINHEIROS,2,2,,,
CAMASSANDI,2,2,,,
CARRAPICHEL - DISTRITO,2,2,,,
ARARAS,2,2,,,
PATAMUTÉ - DISTRITO,2,2,,,
CAMPINHOS - DISTRITO,2,1,,,
JUERANA,2,2,,,
PRADOSO (VITÓRIA DA CONQUISTA),2,0,,,
SERRA GRANDE,2,2,,,
FRANÇA - DISTRITO,2,0,,,
BURIS DE ABRANTES,2,0,,,
S PAULO,2,2,,,
TIQUARUÇU,2,2,,,
BOA VISTA DO LAGAMAR - DISTRITO,2,2,,,
COLÔNIA - DISTRITO,2,2,,,
ITAPE,2,2,,,
LUÍS E MAGALHÃES,2,2,,,
SÃO MIGUEL DOS CAMPOS,2,2,,,
MARACAS,2,2,,,
HELVECIA,2,0,,,
ABÓBORA - DISTRITO,2,0,,,
CABECEIRA DO JIBÓIA,2,0,,,
CONCEICAO DO JACUIPE,2,2,,,
GLORIA,2,2,,,
GOVERNADOR JOÃO DURVAL CARNEIRO (FEIRA DE SANTANA),2,2,,,
SÃO JOSÉ DO COLÔNIA - DISTRITO,2,2,,,
BOCA DO CÓRREGO - DISTRITO,2,2,,,
FRANÇA,2,2,,,
INHATA - DISTRITO,2,2,,,
INÚBIA - DISTRITO,2,2,,,
PAU A PIQUE - DISTRITO,2,0,,,
SANTANA DO SOBRADO (CASA NOVA),2,2,,,
CABACEIRAS,2,2,,,
BURACICA - DISTRITO,2,1,,,
JAGUARA,2,0,,,
LAGOA GRANDE (CÂNDIDO SALES),2,2,,,
NOVA BRASÍLIA - DISTRITO,2,2,,,
ITAPIPOCA,2,2,,,
MUTAS,2,2,,,
MOGIQUIÇABA - DISTRITO,2,2,,,
PIRAI DO NORTE E GANDU,2,2,,,
BOM SOSSEGO - DISTRITO,2,2,,,
RIO BRANCO,2,0,,,
GUARAJUBA (CAMAÇARI),2,2,,,
ABÓBORA,2,1,,,
BUJARI,2,2,,,
UBIRAITÁ - DISTRITO,2,2,,,
RECIFE,2,0,,,
PIRAI DO NORTE,2,2,,,
S SEBASTIAO DO PASSE,2,2,,,
BATE PÉ - DISTRITO,2,2,,,
ILHA DE BOM JESUS DOS PASSOS,2,2,,,
VILA DE ABRANTES,2,0,,,
MIMOSO (SÁTIRO DIAS),2,0,,,
IPUCABA - DISTRITO,2,2,,,
PARINTINS,2,0,,,
MARCOLINO MOURA (RIO DE CONTAS),2,2,,,
SAQUAREMA,2,2,,,
BOA VISTA,2,0,,,
SANTO ANTÔNIO DE BARCELONA - CARAVELAS,2,2,,,
ITAMIRA,2,2,,,
JEQUIE,2,0,,,
POSTO DA MATA (NOVA VICOSA),1,1,,,
CONCEIÇAO DO ALMEIDA,1,1,,,
GOVERNADOR JOÃO DURVAL CARNEIRO,1,1,,,
CONCEICAO DO COITE,1,0,,,
CARAÍPE - DISTRITO,1,1,,,
VÁRZEA GRANDE,1,1,,,
SANTA MARIA DA VITÓIRA,1,1,,,
ACRELÂNDIA,1,1,,,
LENCOIS,1,1,,,
SANTARÉM,1,1,,,
MIRANDELA - DISTRITO,1,0,,,
CENTRO DO GUILHERME,1,1,,,
IGATU - DISTRITO,1,0,,,
CACHA PREGOS - DISTRITO,1,1,,,
TAPÚIA - DISTRITO,1,0,,,
LIMOEIRO DO BOM VIVER,1,0,,,
CALDAS DO JORRO (TUCANO),1,0,,,
BARRO VERMELHO (CURAÇÁ),1,1,,,
LUSTOSA - DISTRITO,1,1,,,
EXTREMOZ,1,1,,,
CORONEL JOAO SA,1,1,,,
IPECAETA,1,1,,,
ITABAIANA,1,1,,,
POXIM DO SUL - DISTRITO,1,1,,,
TANHACU,1,0,,,
CANCHÉ - DISTRITO,1,0,,,
CONDEUBA,1,0,,,
GUARUJÁ,1,1,,,
MARAU,1,0,,,
BENDEGÓ - DISTRITO,1,1,,,
NAGÉ - DISTRITO,1,1,,,
STO ANTONIO DE JESUS,1,1,,,
ARCOVERDE,1,1,,,
RIO GRANDE,1,1,,,
BREJINHO DAS AMETISTAS (CAETITÉ),1,1,,,
LUÍS VIANA - DISTRITO,1,1,,,
LAGOA CLARA - DISTRITO,1,1,,,
ALGODÃO - DISTRITO,1,1,,,
VITÓRIA,1,1,,,
PONTE ALTA DO BOM JESUS,1,1,,,
TRÊS LAGOAS,1,1,,,
MOGIQUIÇABA,1,1,,,
SANTA RITA DE CASSIA,1,0,,,
SALOBRO,1,0,,,
ALTO HORIZONTE,1,0,,,
JABOATÃO DOS GUARARAPES,1,1,,,
BETIM,1,1,,,
BOM SOSSEGO,1,1,,,
CARAGUATAÍ - DISTRITO,1,1,,,
MENSAL,1,1,,,
BATINGA,1,1,,,
BELA VISTA (SÁTIRO DIAS),1,1,,,
LICINIO DE ALMEIDA,1,1,,,
JUREMAL,1,1,,,
ITUPEVA,1,1,,,
PALAME (ESPLANADA),1,1,,,
NOVA IBIA,1,1,,,
SÃO TIMÓTEO - DISTRITO,1,0,,,
SUBAÚMA (ENTRE RIOS),1,1,,,
CATU DE ABRANTES / CAMAÇARI,1,1,,,
SÃO JOSÉ DE MIPIBU,1,0,,,
MANAUS,1,1,,,
CAETÉ-AÇU,1,0,,,
JAPU - DISTRITO,1,1,,,
NAZARE,1,0,,,
IGUAIBI - DISTRITO,1,1,,,
JAPU,1,0,,,
SUSSUARANA - DISTRITO,1,1,,,
INHOBIM,1,0,,,
ANAGE,1,1,,,
UBERLÂNDIA,1,1,,,
OUTROS,1,1,,,
ITUIUTABA,1,1,,,
SANTANOPOLIS,1,1,,,
CAROBA,1,1,,,
CAMPO ALEGRE DE LOUDES,1,1,,,
PINDOBAÇU-BA,1,1,,,
CIDADE OCIDENTAL,1,1,,,
JAPOMIRIM (ITAGIBÁ),1,1,,,
BREJO NOVO - DISTRITO,1,1,,,
NOVA CANAA,1,0,,,
CARAIBUNA - DISTRITO,1,0,,,
IBIASSUCE,1,1,,,
BREJO GRANDE DO ARAGUAIA,1,0,,,
SALOBRINHO (ILHÉUS),1,0,,,
SAO GABRIEL,1,1,,,
POÇO VERDE,1,0,,,
IRAPORANGA - DISTRITO,1,0,,,
AMELIA RODRIGUES,1,0,,,
BARROLÂNDIA (BELMONTE),1,0,,,
